{"cameraMode":{"drawMode":0,"name":"Shaded","section":"Shading Mode"},"sceneLighting":true,"audioPlay":false,"sceneViewState":{"showFog":true,"showMaterialUpdate":false,"showSkybox":true,"showFlares":true,"showImageEffects":true,"showParticleSystems":true},"in2DMode":false,"pivot":{"x":2.0998644828796388,"y":1.6233291625976563,"z":1.5253911018371583},"rotation":{"x":-0.08748121559619904,"y":0.659766435623169,"z":-0.07775332033634186,"w":-0.7423031330108643},"size":2.9660251140594484,"orthographic":false}